Country Name,2000 [YR2000],2001 [YR2001],2002 [YR2002],2003 [YR2003],2004 [YR2004],2005 [YR2005],2006 [YR2006],2007 [YR2007],2008 [YR2008],2009 [YR2009],2010 [YR2010],2011 [YR2011],2012 [YR2012],2013 [YR2013],2014 [YR2014],2015 [YR2015],2016 [YR2016],2017 [YR2017],2018 [YR2018],2019 [YR2019],2020 [YR2020]
Afghanistan,..,..,..,..,0.00,0.00,0.00,0.00,0.00,0.00,0.01,..,0.00,0.00,0.00,0.02,0.02,0.03,0.04,0.05,0.07
Albania,..,..,..,..,..,0.01,..,0.33,2.13,3.09,3.58,4.38,5.49,6.29,7.18,8.40,9.23,10.53,12.56,15.14,17.68
Algeria,..,..,..,0.06,0.11,0.41,0.51,0.84,1.40,2.32,2.50,2.68,3.09,3.36,4.11,5.71,7.05,7.76,7.26,8.32,8.64
American Samoa,..,..,..,..,..,..,..,..,..,..,..,..,..,..,..,..,..,..,..,..,..
Andorra,..,..,1.64,4.92,8.24,13.11,18.05,22.41,24.65,27.16,29.01,30.76,32.64,34.34,36.32,39.35,42.03,44.52,46.31,47.13,47.89
Angola,..,..,..,..,..,..,0.04,0.06,0.07,0.07,0.06,0.07,0.08,0.09,0.33,0.55,0.29,0.33,0.36,0.37,0.70
Antigua and Barbuda,..,..,..,..,2.07,7.12,1.86,2.70,5.84,18.46,8.09,6.72,14.46,17.10,11.62,10.69,9.80,9.43,..,8.24,8.17
Argentina,..,0.25,0.39,0.68,1.41,2.38,4.03,6.55,7.77,8.67,9.85,11.06,12.33,14.81,15.29,15.92,16.67,17.85,19.10,19.64,21.18
Armenia,..,0.00,0.00,0.00,0.03,0.07,..,0.13,0.47,1.38,3.25,5.58,7.35,8.39,9.37,9.79,10.19,10.71,11.77,13.04,14.52
Aruba,..,..,..,1.44,7.05,12.27,13.84,15.80,18.15,18.53,18.90,..,..,18.61,18.50,18.21,..,..,..,17.87,17.80
Australia,..,0.64,1.33,2.63,5.09,9.99,19.00,..,24.92,24.00,24.87,24.63,25.04,25.72,27.70,28.53,30.39,32.22,33.85,34.93,35.68
Austria,2.36,3.96,5.54,7.35,10.59,14.22,17.28,19.51,20.73,22.44,24.38,24.81,25.05,26.09,27.38,28.29,28.85,28.47,28.36,28.13,28.93
Azerbaijan,..,..,0.01,..,..,0.03,0.05,0.17,0.68,1.12,5.26,10.65,14.78,18.24,19.97,19.74,18.53,18.34,19.01,19.34,19.68
"Bahamas, The",..,1.37,2.45,3.49,4.01,4.12,5.01,6.08,7.42,9.04,6.96,4.31,21.43,19.74,20.82,21.65,22.52,22.75,21.06,21.13,21.11
Bahrain,..,0.17,0.68,1.25,1.80,2.41,4.03,6.59,8.40,11.77,12.48,22.81,22.72,22.82,21.52,18.45,16.30,13.00,8.05,8.59,8.75
Bangladesh,..,..,..,..,..,..,..,0.03,0.03,0.22,0.28,0.31,0.40,1.00,2.00,3.13,4.17,4.57,4.99,4.96,6.10
Barbados,..,..,..,9.96,10.76,11.56,13.98,16.91,17.58,20.39,19.92,22.13,23.58,23.85,27.29,27.43,30.40,31.21,31.17,37.21,44.54
Belarus,..,..,0.00,0.00,0.01,0.02,0.12,1.79,5.06,11.58,17.69,22.28,26.89,29.56,28.46,30.76,32.48,33.47,33.87,34.01,34.45
Belgium,1.40,4.46,7.87,11.93,15.46,19.06,23.09,25.52,27.67,29.04,30.84,32.18,33.31,34.33,35.75,36.51,37.61,38.35,39.22,39.78,40.85
Belize,..,..,..,0.35,1.02,1.77,2.49,2.50,2.62,2.65,2.76,2.94,2.95,2.86,2.80,4.82,4.99,5.06,6.44,7.58,9.05
Benin,..,..,0.00,0.00,0.00,0.00,0.02,0.01,0.10,0.21,0.29,0.40,0.43,0.42,0.44,0.69,0.21,0.26,0.24,0.22,0.25
Bermuda,..,..,..,..,..,27.90,35.69,43.55,51.50,60.91,61.33,..,..,62.28,54.24,47.10,35.98,36.18,..,36.80,36.93
Bhutan,..,..,..,..,..,..,..,..,0.31,0.50,1.27,1.91,2.39,2.88,3.47,3.83,2.24,2.24,1.43,1.15,0.41
Bolivia,..,..,0.04,0.06,0.10,0.14,0.19,0.36,0.82,0.97,0.95,0.72,1.12,1.46,1.61,1.66,2.61,3.39,4.44,6.49,7.98
Bosnia and Herzegovina,0.00,0.00,0.01,0.04,0.18,0.36,1.06,2.25,5.02,7.82,10.55,11.75,13.02,14.57,15.58,18.52,19.56,20.90,21.55,22.60,23.48
Botswana,..,..,..,..,..,0.09,0.10,0.19,0.46,0.51,0.60,0.95,1.09,1.05,1.59,1.74,2.73,1.47,1.78,2.14,11.04
Brazil,0.06,0.19,0.41,0.53,1.72,1.74,2.53,4.00,5.22,6.05,7.20,9.03,9.59,10.63,11.82,12.46,13.03,13.91,14.91,15.59,17.10
British Virgin Islands,..,..,..,..,..,..,..,..,..,28.44,24.75,25.78,25.95,21.43,22.05,22.85,21.18,16.92,15.82,19.74,22.29
Brunei Darussalam,..,0.56,0.80,1.09,1.74,2.23,2.42,3.10,4.45,5.22,5.58,5.89,4.97,6.81,7.38,8.30,8.60,9.68,11.53,12.51,16.25
Bulgaria,..,..,..,..,0.09,2.15,5.04,8.30,11.21,13.35,15.15,17.03,18.16,19.50,20.44,22.42,23.74,25.30,27.00,28.78,30.44
Burkina Faso,..,..,0.00,0.00,0.00,0.00,0.01,0.05,0.07,0.08,0.09,0.09,0.09,0.08,0.03,0.05,0.07,0.06,0.07,0.06,0.07
Burundi,..,..,..,..,..,..,..,..,0.00,0.00,0.00,0.01,0.01,0.02,0.02,0.03,0.03,0.04,0.04,0.03,0.04
Cabo Verde,..,..,..,..,0.06,0.20,0.39,0.81,1.53,2.25,3.26,4.28,3.93,4.14,3.68,3.16,2.93,2.79,2.88,3.68,4.47
Cambodia,..,..,0.00,0.00,0.01,0.01,0.02,0.06,0.12,0.21,0.25,0.15,0.20,0.22,0.43,0.54,0.62,0.83,1.02,1.12,1.40
Cameroon,..,..,..,..,..,0.00,0.00,0.00,0.00,0.00,0.03,0.05,0.06,0.08,0.07,0.09,1.52,1.56,1.57,1.55,2.72
Canada,4.61,9.18,11.27,14.33,17.02,21.78,24.72,27.56,29.52,30.49,31.68,32.67,33.47,34.27,35.24,36.40,36.79,37.91,38.96,40.48,41.93
Cayman Islands,..,..,..,..,..,..,..,..,32.56,33.07,33.27,32.51,32.78,33.93,38.57,44.36,39.21,49.28,..,78.52,48.69
Central African Republic,..,..,..,..,..,..,..,..,..,..,..,0.02,0.01,..,..,0.04,0.02,0.01,0.01,0.01,..
Chad,..,..,..,..,..,..,..,..,..,0.00,0.00,0.13,0.15,0.11,0.07,0.08,0.04,0.00,0.00,0.00,0.00
Channel Islands,..,..,..,..,..,..,..,..,..,..,..,..,..,..,..,..,..,..,..,..,..
Chile,0.05,0.43,1.20,2.22,2.99,4.38,6.19,7.88,8.54,9.80,10.49,11.67,12.45,13.06,14.02,15.13,15.95,16.58,17.36,18.10,19.69
China,0.00,0.03,0.25,0.85,1.88,2.81,3.80,4.93,6.12,7.64,9.23,11.37,12.66,13.57,14.33,19.69,22.81,27.74,28.54,31.34,33.60
Colombia,0.02,0.03,0.09,0.16,0.30,0.75,1.45,2.76,4.00,4.73,5.84,7.33,8.55,9.76,10.71,11.63,12.27,12.94,13.45,13.81,15.26
Comoros,..,..,..,..,0.00,0.00,..,0.01,0.02,0.01,0.05,0.06,0.17,0.18,0.21,0.21,0.21,0.20,0.18,0.15,0.12
"Congo, Dem. Rep.",..,..,..,..,..,..,..,..,..,..,0.00,..,..,0.00,0.00,0.00,0.00,0.00,0.01,0.01,0.03
"Congo, Rep.",..,..,..,..,..,..,..,..,..,0.00,0.01,0.03,0.03,0.01,0.01,..,..,..,..,..,0.02
Costa Rica,..,..,0.22,0.36,0.66,1.05,1.92,2.16,2.46,4.04,8.66,9.06,9.57,10.23,10.77,11.52,13.04,15.03,16.70,17.92,19.49
Cote d'Ivoire,..,..,..,0.00,0.00,0.01,0.05,0.05,0.05,0.05,..,..,0.21,0.25,0.56,0.47,0.57,0.58,0.70,0.84,0.99
Croatia,..,..,..,0.08,0.60,2.65,5.76,8.87,12.13,16.52,19.36,20.70,21.40,22.32,23.13,23.30,24.80,26.20,27.15,27.96,25.11
Cuba,..,..,..,..,..,..,..,0.02,0.02,0.03,0.03,0.04,0.04,0.05,0.07,0.07,0.13,0.30,0.87,1.61,2.05
Curacao,..,..,..,..,..,..,..,..,..,..,..,20.88,22.98,23.60,24.41,25.02,26.52,30.46,31.85,32.61,33.52
Cyprus,..,0.35,0.82,1.39,2.33,4.28,8.32,12.57,18.48,21.49,23.15,24.61,25.47,26.71,28.76,30.72,32.58,34.21,35.79,36.78,37.40
Czech Republic,0.02,0.06,0.15,0.34,2.30,6.91,10.80,14.45,16.88,19.41,21.46,23.75,25.11,26.98,28.28,27.79,28.91,29.57,30.22,34.98,35.91
Denmark,1.25,4.44,8.40,13.33,18.83,24.79,31.87,34.80,36.48,36.60,38.03,38.39,38.84,40.30,41.34,42.28,43.10,43.82,44.09,43.95,44.72
Djibouti,0.00,0.00,0.00,..,..,0.01,0.02,0.14,0.30,0.64,0.96,1.32,1.72,2.00,2.24,2.64,2.61,2.58,2.66,2.51,2.54
Dominica,0.11,0.25,3.20,3.78,4.62,4.82,6.08,7.06,9.88,10.30,11.73,11.71,11.98,15.02,15.17,21.30,21.72,21.58,16.08,21.17,22.23
Dominican Republic,..,..,..,0.17,0.42,0.67,1.12,1.86,2.53,3.30,4.03,4.32,4.87,5.24,5.90,6.67,7.32,7.81,8.10,8.66,9.51
Ecuador,..,0.02,0.05,0.05,0.09,0.19,0.33,0.70,1.07,1.63,1.47,4.32,5.45,6.74,8.27,9.18,9.76,10.60,11.44,12.04,13.44
"Egypt, Arab Rep.",..,..,0.07,0.08,0.11,0.19,0.34,0.61,0.97,1.33,1.75,2.18,2.65,3.03,3.39,4.14,4.73,5.43,6.73,7.57,9.14
El Salvador,..,..,..,0.33,0.49,0.70,1.01,1.47,2.01,2.43,2.83,3.32,3.88,4.54,5.07,5.58,6.22,7.06,7.67,8.14,9.03
Equatorial Guinea,..,..,..,..,..,0.02,0.02,0.02,0.02,0.02,0.13,0.14,0.14,0.33,0.35,0.33,0.28,0.15,0.12,0.07,0.07
Eritrea,..,..,..,..,..,..,..,..,0.00,0.00,0.00,0.00,0.01,0.00,0.01,0.01,0.02,0.03,..,0.09,0.14
Estonia,..,1.26,3.36,6.58,10.17,13.22,18.29,19.71,21.99,23.47,26.12,26.28,26.41,27.36,28.19,29.67,31.48,32.47,33.35,32.53,31.33
Eswatini,..,..,..,..,..,..,..,..,0.07,0.14,0.34,0.75,0.32,0.39,0.47,0.54,0.63,0.71,..,0.87,1.03
Ethiopia,..,..,..,0.00,0.00,0.00,0.00,0.00,0.00,0.00,0.00,0.01,0.01,0.25,0.48,0.47,0.54,0.06,..,0.14,0.18
Faroe Islands,..,0.11,0.24,0.83,6.58,12.30,27.47,30.24,31.11,33.22,33.84,33.58,34.12,34.87,36.20,37.03,37.31,37.33,37.49,37.35,37.74
Fiji,..,..,..,..,..,0.85,1.03,1.38,1.54,1.50,2.70,2.69,1.56,1.26,1.43,1.47,1.41,1.38,2.16,2.41,2.57
Finland,0.67,2.58,5.25,9.40,15.26,22.33,27.08,30.52,30.42,29.31,29.06,29.80,30.43,31.63,32.20,31.56,31.14,31.03,31.45,32.48,33.32
France,0.33,1.01,2.77,5.92,10.81,15.50,20.67,25.46,28.66,31.74,33.93,35.98,37.73,39.03,40.45,41.68,42.80,43.92,44.78,45.69,46.92
French Polynesia,..,0.01,0.01,0.37,1.78,4.25,6.99,8.98,10.48,11.32,12.10,13.45,14.94,16.61,18.31,19.01,20.19,20.89,21.53,22.20,22.78
Gabon,..,..,..,0.01,0.05,0.11,0.12,0.13,0.14,0.24,0.25,0.27,0.29,0.49,0.57,0.57,0.75,0.71,0.99,1.12,2.00
"Gambia, The",..,..,..,..,0.00,0.00,..,0.02,0.02,0.02,0.02,0.02,0.03,0.02,0.14,0.17,0.17,0.18,0.19,0.21,0.21
Georgia,..,0.01,0.02,0.03,0.04,0.06,0.64,1.12,2.71,3.64,4.45,6.09,11.39,12.77,14.89,15.80,16.96,19.36,21.42,23.45,24.37
Germany,0.33,2.58,3.93,5.48,8.57,13.22,18.38,24.30,28.01,30.86,32.37,33.71,34.53,35.28,36.31,37.55,38.76,40.20,41.09,42.14,43.22
Ghana,..,..,..,..,0.00,0.01,0.06,0.07,0.10,0.12,0.21,0.26,0.26,0.26,0.26,0.26,0.30,0.20,0.21,0.19,0.25
Gibraltar,..,..,..,..,..,..,..,..,..,27.70,31.06,33.57,35.60,..,38.55,46.17,48.62,51.51,56.29,57.85,62.36
Greece,..,..,..,0.09,0.46,1.43,4.36,9.15,13.65,17.49,20.69,22.76,24.95,27.12,29.49,32.26,34.06,35.75,37.65,39.25,40.84
Greenland,..,..,..,0.21,5.84,12.52,16.18,18.53,21.13,22.11,21.88,21.03,20.15,19.14,18.45,17.74,..,21.27,23.32,25.42,27.57
Grenada,..,..,0.54,..,0.58,3.08,5.28,7.23,8.49,11.69,13.59,13.74,14.89,16.64,17.27,18.03,18.88,20.05,24.21,28.38,28.44
Guam,..,1.12,..,..,..,..,..,1.70,1.70,1.88,1.88,..,..,1.87,1.86,..,..,..,..,1.79,1.78
Guatemala,..,..,..,..,..,0.21,0.29,0.42,0.67,1.09,1.77,..,1.84,2.26,2.72,2.83,3.05,3.14,..,3.33,3.42
Guinea,..,..,..,..,..,..,..,..,..,..,0.00,0.01,0.01,0.01,0.01,0.01,0.01,0.01,0.01,0.01,0.01
Guinea-Bissau,..,..,..,..,..,..,..,..,..,..,0.05,0.06,0.07,0.09,0.08,0.06,0.05,0.05,0.06,0.06,0.12
Guyana,..,..,..,..,..,0.27,..,0.32,0.68,0.91,1.49,2.73,3.97,4.86,5.92,7.00,7.42,8.37,..,10.60,12.08
Haiti,..,..,..,..,..,..,..,..,..,..,..,..,0.00,0.00,0.00,0.01,0.01,0.27,0.28,0.28,0.27
Honduras,..,..,..,..,..,..,..,..,..,..,0.01,0.68,0.71,0.78,1.76,2.17,2.38,2.53,3.70,4.01,4.01
"Hong Kong SAR, China",6.73,10.75,15.50,18.86,22.50,24.51,26.41,27.76,28.12,29.65,31.12,32.81,32.00,31.53,31.97,32.67,36.25,36.38,36.83,37.72,38.49
Hungary,0.03,0.31,1.10,2.61,4.06,6.46,11.93,14.51,17.72,19.85,21.75,23.37,24.29,26.41,26.32,27.81,28.86,30.39,31.72,32.94,33.80
Iceland,0.84,3.68,8.51,14.44,19.16,26.45,29.27,32.78,34.10,33.88,34.09,34.50,34.83,35.90,36.41,37.68,38.54,40.26,40.98,41.07,41.56
India,..,0.00,0.01,0.01,0.02,0.12,0.20,0.26,0.44,0.64,0.89,1.07,1.18,1.17,1.22,1.29,1.41,1.33,1.34,1.40,1.66
Indonesia,0.00,0.01,0.02,0.03,0.04,0.05,0.08,0.34,0.42,0.78,0.94,1.12,1.20,1.29,1.33,1.54,2.00,2.35,3.32,3.80,4.29
"Iran, Islamic Rep.",0.00,0.00,0.02,0.03,..,..,0.14,0.28,0.42,0.55,1.34,2.84,5.04,6.75,7.93,8.42,9.56,10.66,11.99,10.40,11.39
Iraq,..,..,..,..,..,..,0.00,0.00,0.00,0.00,0.01,..,..,..,..,..,..,11.43,11.69,11.60,15.55
Ireland,..,..,0.27,1.05,3.75,7.79,13.28,17.54,20.18,21.72,22.40,23.32,24.13,25.77,27.21,28.15,28.97,29.43,29.68,29.95,30.71
Isle of Man,..,..,..,..,..,..,..,..,..,..,..,..,..,..,..,..,..,..,..,..,..
Israel,..,0.72,3.76,10.08,15.32,18.83,21.27,22.32,23.99,23.96,23.98,25.10,25.44,25.90,27.13,27.24,27.85,28.41,29.05,29.12,30.06
Italy,0.20,0.69,1.49,3.91,8.15,11.71,14.51,17.23,19.14,20.45,22.08,22.69,22.99,23.29,23.81,24.60,25.66,27.34,28.30,28.85,29.98
Jamaica,..,0.12,0.33,0.33,0.99,1.64,2.48,3.35,3.50,4.01,4.15,4.19,4.33,4.93,5.27,7.92,9.84,8.19,9.70,10.78,13.02
Japan,0.67,3.00,7.35,11.65,15.25,18.16,20.59,22.03,23.43,25.56,26.53,27.78,28.14,28.77,29.48,30.37,31.16,31.79,32.62,33.50,34.79
Jordan,..,0.01,0.06,0.09,0.19,0.41,0.81,1.42,2.22,3.45,4.04,3.87,3.71,3.85,3.94,3.34,3.11,3.39,4.01,4.53,6.18
Kazakhstan,..,..,..,0.01,0.01,0.02,0.20,1.72,2.13,3.60,5.35,7.24,9.77,11.50,12.41,13.09,13.18,14.25,13.44,13.54,13.96
Kenya,..,..,..,..,..,0.01,0.05,0.05,0.01,0.04,0.02,0.13,0.12,0.16,0.22,0.28,0.27,0.57,0.72,0.93,1.25
Kiribati,..,..,..,..,..,0.35,0.43,0.52,0.69,0.76,0.82,0.81,0.75,0.65,0.46,0.11,0.10,0.10,0.08,0.09,0.15
"Korea, Dem. People's Rep.",..,..,..,..,..,..,..,..,..,..,..,..,..,..,..,..,..,..,..,..,..
"Korea, Rep.",8.17,16.39,21.68,23.16,24.58,25.03,28.73,30.00,31.46,33.13,34.70,35.87,36.46,37.22,37.94,39.40,40.32,41.48,41.60,42.76,43.55
Kosovo,..,..,..,..,..,..,..,..,..,..,..,..,..,..,..,..,..,..,..,..,..
Kuwait,..,0.24,0.49,0.60,0.91,1.10,1.26,1.40,1.51,1.60,1.54,1.48,1.40,1.33,1.30,1.43,2.56,2.90,2.51,2.01,1.73
Kyrgyz Republic,..,..,0.00,0.00,0.04,0.05,0.05,0.06,0.36,0.33,0.43,0.71,0.97,2.38,2.92,3.55,3.97,4.17,3.98,4.19,4.43
Lao PDR,..,..,..,0.00,0.00,0.01,0.01,0.02,0.05,0.07,0.09,0.10,0.12,0.14,0.24,0.22,0.36,0.39,0.64,1.06,1.76
Latvia,0.01,0.14,0.43,0.85,2.16,2.70,4.93,15.40,18.98,21.20,20.52,21.85,23.01,24.25,24.98,25.20,26.30,26.97,27.28,26.69,26.01
Lebanon,..,..,0.00,0.00,0.00,0.00,0.00,1.05,2.10,4.09,6.68,7.73,8.60,8.12,18.08,..,..,..,..,6.13,6.33
Lesotho,..,..,..,..,0.00,0.00,..,0.01,0.01,0.02,0.02,0.07,0.08,0.11,0.07,0.10,0.11,0.23,0.27,0.22,0.24
Liberia,..,..,..,..,..,..,..,..,0.00,0.00,0.00,0.00,0.01,0.12,0.14,0.16,0.17,0.19,..,0.22,0.26
Libya,..,..,..,..,..,..,..,..,0.76,1.03,1.17,1.12,1.07,1.02,0.99,0.95,2.60,4.83,..,4.69,4.83
Liechtenstein,..,..,4.24,4.39,13.76,24.82,28.60,40.32,43.84,44.74,42.37,37.46,39.37,40.66,41.94,41.89,42.32,43.00,44.08,45.17,47.34
Lithuania,..,0.07,0.58,1.96,3.82,7.00,11.16,17.15,18.37,20.01,21.75,23.60,25.25,27.79,26.99,28.42,29.68,28.07,28.16,28.64,29.27
Luxembourg,..,0.28,1.31,3.43,8.08,15.31,21.25,27.10,29.50,31.44,33.15,32.69,31.97,32.53,33.69,34.46,35.06,36.26,37.12,37.37,37.57
"Macao SAR, China",0.87,2.24,3.78,6.04,9.59,14.09,18.68,21.90,23.59,23.96,24.54,24.99,25.64,26.29,27.36,28.23,29.04,29.88,30.56,31.23,32.03
Madagascar,..,..,..,..,..,..,0.01,0.01,0.02,0.02,0.03,0.03,0.14,0.17,0.11,0.10,0.11,0.10,0.10,0.11,0.12
Malawi,..,..,..,0.00,0.00,0.00,..,0.01,0.01,0.01,0.01,0.01,0.01,0.06,0.05,0.03,0.05,0.06,0.06,0.06,0.06
Malaysia,..,0.02,0.08,0.45,1.00,1.88,2.87,3.87,4.88,5.60,7.44,8.75,10.05,9.97,10.25,10.12,8.86,8.64,8.55,9.28,10.38
Maldives,..,..,0.06,0.17,0.23,1.02,1.92,3.10,4.47,4.35,4.25,4.64,4.55,4.90,4.56,5.09,6.16,7.36,9.19,10.01,11.78
Mali,..,..,..,..,..,..,0.02,0.02,0.04,0.06,0.05,0.05,0.03,0.02,..,0.02,0.12,0.08,0.63,0.73,1.20
Malta,0.42,2.31,4.43,5.67,9.34,12.70,13.03,20.59,23.98,27.62,30.39,30.81,32.18,33.56,35.23,37.64,39.27,41.40,43.67,45.99,48.33
Marshall Islands,..,..,..,..,..,..,..,..,..,..,..,..,..,2.26,2.40,1.74,1.73,1.72,..,1.70,1.69
Mauritania,..,..,..,..,..,0.01,0.03,0.12,0.18,0.20,0.17,0.17,0.18,0.20,0.20,0.24,0.27,0.30,0.30,0.24,0.40
Mauritius,..,..,0.02,0.10,0.21,0.44,2.27,2.85,4.24,5.86,7.53,9.45,11.23,12.94,14.47,15.67,16.85,19.45,21.68,24.20,25.41
Mexico,0.02,0.05,0.23,0.42,1.01,1.81,2.81,4.13,6.80,8.57,9.28,10.00,11.15,10.73,10.83,12.11,12.91,13.62,14.55,15.17,17.01
"Micronesia, Fed. Sts.",..,..,..,0.01,0.02,0.04,0.09,0.11,..,..,0.97,..,..,1.95,2.88,3.01,2.88,3.39,..,4.39,5.22
Moldova,..,0.01,0.01,0.01,0.06,0.25,0.53,1.28,2.80,4.58,6.63,8.74,10.27,11.52,12.50,13.13,13.71,14.39,15.38,16.58,17.82
Monaco,2.49,8.19,14.95,19.71,22.70,28.07,32.17,35.63,37.28,38.04,38.75,44.19,44.59,45.79,47.69,48.66,48.89,50.16,50.89,52.55,53.20
Mongolia,..,0.00,0.00,0.02,0.04,0.07,0.14,0.29,1.24,1.50,2.82,3.39,3.90,4.85,6.71,6.94,7.40,9.16,9.66,9.84,9.37
Montenegro,..,..,..,..,..,1.24,..,2.88,6.40,9.52,10.36,10.35,14.02,15.28,16.57,17.93,18.31,21.90,25.33,28.47,29.32
Morocco,..,..,0.01,0.01,0.21,0.82,1.27,1.53,1.56,1.50,1.56,1.82,2.07,2.50,2.91,3.31,3.57,3.88,4.31,4.80,5.70
Mozambique,..,..,..,..,..,..,0.01,0.03,0.05,0.06,0.07,0.12,0.12,0.11,0.14,0.16,0.17,0.22,0.24,0.23,0.22
Myanmar,..,..,..,..,..,0.00,0.01,0.01,0.02,0.05,0.05,0.04,..,..,..,0.06,0.17,0.21,0.24,0.90,1.27
Namibia,..,..,..,..,..,0.01,0.01,0.01,0.02,0.02,0.45,0.82,1.10,1.60,1.81,3.04,2.73,2.74,2.53,2.54,2.80
Nauru,..,..,..,..,..,..,..,..,..,..,9.50,..,..,..,..,..,..,..,..,..,..
Nepal,..,..,..,..,..,..,0.00,0.04,0.05,0.06,0.22,0.35,0.85,1.16,0.93,1.12,0.82,1.82,2.82,3.60,4.36
Netherlands,1.63,2.91,7.27,12.27,19.68,25.05,31.58,33.36,35.04,36.86,37.94,38.82,39.63,40.32,40.56,41.50,42.53,42.83,43.42,43.62,43.92
New Caledonia,..,0.06,0.31,0.73,2.21,4.06,6.50,8.35,10.32,13.24,15.07,16.64,18.38,20.28,21.77,20.43,..,..,..,19.45,19.26
New Zealand,0.12,0.44,1.10,2.06,4.70,7.76,11.23,20.15,21.39,23.65,24.99,26.66,28.47,29.12,30.87,31.44,32.85,33.67,34.74,35.49,36.60
Nicaragua,0.01,0.03,0.04,0.08,0.09,0.19,0.35,0.49,0.76,1.37,1.26,1.44,1.69,2.17,1.81,1.87,2.81,3.29,2.98,3.32,4.38
Niger,..,..,..,..,0.00,0.00,0.00,0.00,0.00,0.01,0.01,0.01,0.02,0.03,0.16,0.14,0.04,0.04,..,0.05,0.05
Nigeria,..,..,..,..,..,0.00,..,0.04,0.05,0.05,0.06,..,0.01,0.01,0.01,0.01,0.06,0.06,0.04,0.04,0.03
North Macedonia,..,..,..,..,..,0.60,1.77,4.87,8.76,11.25,12.50,13.59,15.05,16.30,17.04,17.53,18.34,19.03,20.55,21.81,22.83
Northern Mariana Islands,..,..,..,..,..,..,..,..,..,..,..,..,..,..,..,..,..,..,..,..,..
Norway,0.52,1.96,4.52,8.73,14.61,21.40,26.63,30.88,33.06,34.56,35.27,36.09,37.05,37.62,38.45,39.43,40.13,40.88,41.32,42.03,44.04
Oman,..,..,0.00,0.01,0.03,0.53,0.78,0.76,1.18,1.43,1.93,2.41,3.24,4.10,4.40,5.47,6.35,7.48,9.17,10.24,10.85
Pakistan,..,..,..,..,..,0.01,0.02,0.03,0.10,0.22,0.44,0.64,0.81,0.85,1.03,0.90,1.22,1.11,0.99,0.94,1.14
Palau,..,..,..,..,0.37,0.51,0.50,0.53,0.59,0.78,1.33,2.92,5.09,10.25,6.30,6.93,..,..,..,..,..
Panama,..,0.25,0.39,0.47,0.51,0.53,3.32,4.35,5.58,6.55,7.09,7.63,7.82,8.01,7.95,7.97,10.65,10.74,12.93,12.61,13.03
Papua New Guinea,..,..,..,..,..,..,..,..,0.04,0.06,0.08,0.10,0.12,0.15,0.17,0.19,0.21,0.21,..,0.23,0.23
Paraguay,0.00,0.01,0.01,0.01,0.05,0.10,0.10,0.14,0.21,1.26,1.43,1.90,2.12,2.41,2.81,3.22,3.64,4.23,4.61,5.85,7.88
Peru,0.00,..,0.14,0.34,0.82,1.27,1.73,2.01,2.54,2.87,3.21,4.14,4.89,5.42,5.87,6.56,6.86,7.35,7.93,8.56,9.23
Philippines,..,0.01,0.03,0.07,0.11,0.14,0.30,0.55,1.15,1.86,..,1.87,2.21,2.60,2.89,2.84,2.88,3.23,3.55,5.48,7.24
Poland,..,0.03,0.32,0.51,2.28,2.46,7.59,10.88,11.63,14.59,15.28,18.21,18.02,18.43,18.99,19.10,19.29,20.11,20.70,20.69,22.11
Portugal,0.24,0.96,2.51,4.81,8.01,11.09,13.50,14.44,15.44,18.03,20.07,21.22,22.71,24.48,27.43,30.31,32.69,34.74,36.90,38.80,40.81
Puerto Rico,..,0.07,0.62,1.49,2.37,3.26,4.15,5.04,11.82,13.35,15.41,15.68,16.21,17.17,17.67,20.83,20.92,20.86,20.04,20.79,23.46
Qatar,..,..,0.04,0.44,1.45,2.96,4.57,7.20,7.39,8.75,7.85,8.09,8.43,9.22,9.17,9.27,9.56,9.42,9.63,10.05,10.28
Romania,..,0.03,0.07,0.90,0.48,1.76,5.13,9.28,12.09,13.63,14.66,16.14,17.51,18.83,20.05,21.39,22.48,24.19,26.09,27.25,29.55
Russian Federation,..,..,0.01,0.24,0.47,1.11,2.02,3.42,6.48,9.00,10.94,12.27,14.53,16.45,17.25,18.54,18.95,21.37,22.00,22.52,23.23
Rwanda,..,..,..,..,0.01,0.01,0.02,0.03,0.01,0.02,0.04,0.08,0.05,0.03,0.03,0.19,0.19,0.18,0.06,0.07,0.14
Samoa,..,..,..,..,0.02,0.04,0.05,0.07,0.09,0.11,0.11,..,0.57,0.65,1.05,1.08,1.11,0.87,0.86,0.86,0.85
San Marino,..,..,..,2.10,3.72,4.16,4.98,5.32,16.10,17.67,19.19,20.65,30.84,31.43,35.51,34.99,35.82,31.18,32.14,32.73,32.42
Sao Tome and Principe,..,..,..,..,..,..,0.08,0.19,0.20,0.25,0.32,0.40,0.41,0.51,0.56,0.66,0.70,0.71,0.74,0.76,1.15
Saudi Arabia,..,0.07,0.16,0.20,0.30,0.28,0.89,2.47,4.05,5.40,6.24,6.90,8.71,..,..,19.97,19.72,20.10,20.24,19.85,22.66
Senegal,..,..,0.01,0.02,0.07,0.16,0.25,0.33,0.39,0.48,0.62,0.71,0.71,0.77,0.73,0.69,0.66,0.73,0.82,0.93,0.92
Serbia,..,..,..,..,..,0.45,1.64,4.40,6.21,8.06,11.80,13.44,14.81,16.42,16.74,18.66,20.61,21.15,22.29,23.44,25.18
Seychelles,..,..,..,..,0.40,1.07,2.76,3.88,3.78,5.02,7.44,10.24,11.42,13.29,12.55,14.13,14.66,15.79,20.28,27.60,35.55
Sierra Leone,..,..,..,..,..,..,..,..,..,..,..,..,..,..,..,..,..,..,..,..,..
Singapore,1.71,3.70,6.58,10.10,13.05,15.38,17.90,20.22,22.43,24.84,26.08,26.75,26.68,27.38,26.68,26.58,28.16,25.85,25.94,25.91,25.81
Sint Maarten (Dutch part),..,..,..,..,..,..,..,..,..,..,..,..,..,..,..,..,..,..,..,..,..
Slovak Republic,..,..,0.08,0.42,1.46,3.36,5.64,10.13,11.20,14.35,16.23,17.62,19.31,20.46,21.94,23.43,24.56,25.80,27.65,29.15,31.17
Slovenia,..,0.28,2.85,2.92,5.78,9.86,13.97,17.13,21.02,22.08,23.03,24.10,24.75,25.43,26.88,27.47,28.41,28.98,29.49,30.21,31.34
Solomon Islands,..,..,..,..,0.04,0.10,0.14,0.20,0.30,0.39,0.48,0.45,0.38,0.33,0.23,0.24,0.26,0.18,0.23,0.16,0.15
Somalia,..,..,..,..,..,..,..,..,..,..,..,..,0.31,0.46,0.52,0.59,0.65,0.67,..,0.63,0.75
South Africa,..,..,0.01,0.04,0.13,0.35,0.69,0.77,0.86,0.95,1.45,1.74,2.10,3.01,3.13,2.54,2.05,1.97,1.92,2.14,2.20
South Sudan,..,..,..,..,..,..,..,..,..,..,0.00,0.00,0.00,0.00,0.00,0.00,0.00,0.00,0.00,0.00,..
Spain,0.19,1.13,2.98,4.98,7.85,11.44,15.07,17.73,19.83,21.04,22.70,23.72,24.49,26.11,27.80,29.02,30.26,31.44,32.50,33.41,34.62
Sri Lanka,..,0.00,0.00,0.02,0.11,0.11,0.12,0.32,0.51,0.84,1.13,1.76,1.72,2.05,2.73,2.99,4.24,5.78,7.27,7.81,8.32
St. Kitts and Nevis,..,..,1.11,4.37,9.50,13.87,18.59,20.09,23.04,26.75,29.79,25.48,26.06,26.43,27.61,31.98,27.46,56.24,31.24,38.58,56.39
St. Lucia,..,..,..,0.87,2.35,4.28,4.34,6.61,9.13,10.79,11.77,12.16,13.91,13.92,15.82,15.87,16.55,17.59,17.74,8.64,17.97
St. Martin (French part),..,..,..,..,..,..,..,..,..,..,..,..,..,..,..,..,..,..,..,..,..
St. Vincent and the Grenadines,..,0.08,1.00,1.06,1.22,3.36,5.17,7.35,8.64,10.63,11.55,12.23,12.56,13.44,13.52,15.54,19.98,17.55,22.33,19.64,22.29
Sudan,..,..,..,..,0.00,0.00,0.01,0.10,0.11,..,0.04,0.05,0.07,0.07,0.05,0.07,0.07,0.07,0.08,0.08,0.07
Suriname,..,..,0.02,0.04,0.09,0.22,0.53,0.82,1.11,1.73,2.86,4.33,5.41,6.78,8.39,9.42,12.61,12.48,12.70,13.83,15.73
Sweden,2.80,6.60,9.42,12.23,15.68,27.90,27.36,30.34,31.43,31.62,31.94,31.98,32.20,32.73,33.86,35.80,37.41,38.92,39.53,40.24,41.38
Switzerland,0.79,1.95,6.30,10.78,16.76,22.60,27.49,31.59,33.53,35.54,37.31,38.93,40.11,42.40,43.09,44.60,45.06,46.32,45.56,46.82,46.54
Syrian Arab Republic,..,..,..,..,0.00,0.01,0.03,0.03,0.05,0.16,0.33,0.58,1.18,1.77,2.68,4.05,5.78,8.32,7.84,8.73,8.85
Tajikistan,..,..,..,0.00,..,..,..,0.05,0.05,0.06,0.06,0.07,0.07,0.07,0.07,0.07,0.07,0.07,..,0.06,0.06
Tanzania,..,..,..,..,..,0.01,0.01,0.01,0.02,0.02,0.02,0.06,0.09,0.12,0.17,0.21,0.60,1.40,1.53,1.79,1.90
Thailand,..,0.00,..,0.02,0.25,0.85,1.36,1.95,3.12,3.92,4.84,5.77,6.66,7.62,7.95,9.07,10.47,11.86,13.24,14.52,16.44
Timor-Leste,..,..,..,0.00,0.00,0.00,0.00,0.00,0.01,0.04,0.05,0.05,0.05,0.06,0.09,0.09,0.05,0.05,0.00,0.01,0.01
Togo,..,..,..,..,..,..,..,0.02,0.03,0.07,0.42,0.52,0.61,0.10,0.18,0.90,0.65,0.66,0.33,0.39,0.64
Tonga,..,..,0.01,0.02,0.33,0.64,0.62,0.76,0.70,0.96,1.06,1.26,1.46,1.67,1.78,2.44,2.97,2.94,2.44,3.54,4.73
Trinidad and Tobago,..,..,0.01,0.07,0.33,0.83,1.58,2.71,6.50,9.85,12.26,12.90,14.98,15.70,18.21,20.33,18.55,23.61,24.62,24.33,26.92
Tunisia,..,..,0.00,0.00,0.03,0.17,0.43,0.93,2.18,3.54,4.53,5.21,4.86,4.75,5.13,5.13,5.66,7.01,8.77,10.18,11.29
Turkey,..,0.02,0.03,0.30,0.86,2.34,4.03,6.83,8.18,9.04,9.81,10.34,10.54,11.71,11.48,12.10,13.15,14.70,16.28,17.06,19.84
Turkmenistan,..,..,..,..,..,..,..,..,0.00,0.01,0.01,0.02,0.03,0.03,0.04,0.05,0.07,0.09,..,0.13,0.17
Turks and Caicos Islands,..,..,..,..,..,..,..,..,..,..,..,..,..,..,..,..,..,..,..,..,..
Tuvalu,..,..,..,..,0.51,1.50,2.47,2.64,2.81,0.96,2.28,4.23,4.19,4.14,4.10,4.05,4.01,3.96,..,..,..
Uganda,..,..,..,..,..,0.00,0.00,0.01,0.02,0.02,0.04,0.11,0.11,0.12,0.15,0.21,0.23,..,..,0.07,0.13
Ukraine,..,..,..,..,..,0.28,1.12,1.72,3.46,4.15,6.45,6.96,8.04,8.86,9.31,11.64,12.03,12.35,12.80,16.16,18.62
United Arab Emirates,0.06,0.25,0.48,0.82,1.38,2.82,4.54,6.16,7.86,8.72,9.20,9.69,10.45,11.33,11.85,13.33,13.86,29.11,31.40,31.17,32.81
United Kingdom,0.09,0.56,2.29,5.23,10.23,16.42,21.40,25.39,27.85,28.45,30.18,32.16,33.61,35.45,36.27,37.45,38.42,39.03,39.60,39.79,40.26
United States,2.51,4.49,6.92,9.57,12.78,17.34,20.23,23.85,25.41,26.11,27.35,28.34,29.46,30.35,30.69,31.85,32.73,33.28,33.86,34.73,36.61
Uruguay,..,..,..,..,0.81,1.46,3.21,4.95,7.32,9.48,11.42,14.04,17.18,21.75,24.71,26.40,26.92,27.74,28.34,29.25,30.62
Uzbekistan,..,..,..,0.01,0.02,0.03,0.03,0.07,0.24,0.32,0.41,0.51,0.75,1.02,2.70,5.78,8.73,10.39,12.70,13.94,14.40
Vanuatu,..,..,..,0.01,0.01,0.03,0.04,0.06,0.09,0.22,0.21,0.14,0.12,0.12,1.73,1.58,1.58,..,..,2.63,0.91
"Venezuela, RB",0.02,0.15,0.31,0.46,0.81,1.35,2.00,3.15,4.04,5.00,5.88,6.29,6.94,7.50,7.99,8.61,8.76,8.87,9.02,8.98,9.01
Vietnam,..,..,0.00,0.01,0.06,0.25,0.61,1.52,2.38,3.69,4.17,4.32,5.32,5.68,6.54,8.26,9.72,11.91,13.60,15.35,17.16
Virgin Islands (U.S.),..,..,..,..,1.37,2.75,..,5.54,6.95,8.46,8.58,..,..,8.64,8.66,8.57,..,..,..,..,..
West Bank and Gaza,..,..,..,..,0.00,0.21,0.74,1.48,..,..,..,3.76,4.39,4.92,5.31,6.06,6.92,7.58,7.49,7.32,7.39
"Yemen, Rep.",..,..,..,..,..,0.01,0.01,0.05,0.12,0.24,0.36,0.46,0.68,1.02,1.32,1.49,1.02,1.33,1.36,1.31,1.31
Zambia,0.00,0.00,0.00,0.00,0.00,0.00,0.02,0.03,0.04,0.08,0.08,0.12,0.10,0.09,0.13,0.15,0.19,0.21,0.42,0.50,0.45
Zimbabwe,..,0.01,0.02,0.05,0.07,0.08,0.08,0.12,0.15,0.38,0.26,0.26,0.55,0.78,1.12,1.19,1.22,1.32,1.41,1.40,1.37
